location,most_common,most_common_bigrams,most_common_trigrams
CHI,"[('data', 154), ('experience', 69), ('work', 63), ('service', 54), ('information', 49), ('menu', 46), ('overview', 45), ('main', 44), ('skills', 41), ('science', 40), ('military', 40), ('team', 39), ('we', 38), ('business', 37), ('analytics', 37), ('learning', 35), ('one', 35), ('using', 33), ('services', 32), ('ability', 32), ('the', 31), ('analysis', 31), ('duty', 31), ('employment', 31), ('active', 30), ('you', 29), ('u', 29), ('status', 28), ('s', 28), ('tax', 27), ('required', 27), ('industries', 26), ('a', 26), ('research', 26), ('provide', 25), ('performance', 24), ('insights', 24), ('ground', 24), ('naval', 24), ('air', 24), ('python', 23), ('my', 23), ('please', 23), ('management', 22), ('industry', 22), ('machine', 22), ('statistics', 22), ('company', 22), ('if', 22), ('our', 21)]","[(('main', 'menu'), 43), (('active', 'duty'), 30), (('u', 's'), 28), (('s', 'military'), 24), (('military', 'ground'), 24), (('ground', 'naval'), 24), (('naval', 'air'), 24), (('air', 'service'), 24), (('menu', 'industries'), 22), (('machine', 'learning'), 22), (('data', 'science'), 19), (('duty', 'u'), 18), (('reasonable', 'accommodation'), 18), (('overview', 'main'), 17), (('computer', 'science'), 14), (('national', 'origin'), 14), (('physical', 'mental'), 14), (('data', 'scientist'), 13), (('r', 'python'), 13), (('united', 'states'), 12), (('information', 'order'), 12), (('entitled', 'compensation'), 12), (('laws', 'administered'), 12), (('campaign', 'badge'), 12), (('armed', 'forces'), 12), (('forces', 'service'), 12), (('service', 'medal'), 12), (('omb', 'control'), 12), (('control', 'number'), 12), (('impairment', 'medical'), 12), (('medical', 'condition'), 12), (('missing', 'limbs'), 12), (('menu', 'services'), 11), (('communication', 'skills'), 11), (('religion', 'national'), 10), (('federal', 'law'), 10), (('marital', 'status'), 9), (('one', 'following'), 9), (('ability', 'work'), 9), (('industries', 'healthcare'), 8), (('years', 'experience'), 8), (('related', 'field'), 8), (('social', 'media'), 8), (('five', 'years'), 8), (('consumer', 'feedback'), 8), (('unitedhealth', 'group'), 8), (('services', 'tax'), 7), (('protected', 'veterans'), 7), (('individuals', 'disabilities'), 7), (('information', 'unless'), 7)]","[(('u', 's', 'military'), 24), (('s', 'military', 'ground'), 24), (('military', 'ground', 'naval'), 24), (('ground', 'naval', 'air'), 24), (('naval', 'air', 'service'), 24), (('main', 'menu', 'industries'), 22), (('active', 'duty', 'u'), 18), (('duty', 'u', 's'), 18), (('overview', 'main', 'menu'), 17), (('armed', 'forces', 'service'), 12), (('forces', 'service', 'medal'), 12), (('omb', 'control', 'number'), 12), (('impairment', 'medical', 'condition'), 12), (('main', 'menu', 'services'), 11), (('religion', 'national', 'origin'), 10), (('menu', 'industries', 'healthcare'), 8), (('national', 'origin', 'age'), 7), (('menu', 'services', 'tax'), 6), (('main', 'menu', 'careers'), 6), (('individuals', 'seeking', 'employment'), 6), (('considered', 'regards', 'religion'), 6), (('regards', 'religion', 'national'), 6), (('origin', 'age', 'marital'), 6), (('age', 'marital', 'status'), 6), (('marital', 'status', 'ancestry'), 6), (('status', 'ancestry', 'physical'), 6), (('ancestry', 'physical', 'mental'), 6), (('physical', 'mental', 'status'), 6), (('mental', 'status', 'you'), 6), (('status', 'you', 'given'), 6), (('you', 'given', 'provide'), 6), (('given', 'provide', 'following'), 6), (('provide', 'following', 'information'), 6), (('following', 'information', 'order'), 6), (('information', 'order', 'help'), 6), (('order', 'help', 'comply'), 6), (('help', 'comply', 'federal'), 6), (('comply', 'federal', 'state'), 6), (('federal', 'state', 'employment'), 6), (('state', 'employment', 'record'), 6), (('employment', 'record', 'keeping'), 6), (('record', 'keeping', 'reporting'), 6), (('keeping', 'reporting', 'legal'), 6), (('reporting', 'legal', 'requirements'), 6), (('legal', 'requirements', 'if'), 6), (('requirements', 'if', 'believe'), 6), (('if', 'believe', 'belong'), 6), (('believe', 'belong', 'categories'), 6), (('belong', 'categories', 'protected'), 6), (('categories', 'protected', 'veterans'), 6)]"
DAL,"[('data', 230), ('business', 95), ('experience', 76), ('work', 57), ('ability', 57), ('skills', 44), ('management', 44), ('analysis', 41), ('working', 40), ('development', 39), ('required', 37), ('knowledge', 37), ('analytics', 36), ('tools', 35), ('team', 33), ('strong', 32), ('science', 32), ('the', 31), ('research', 31), ('information', 31), ('develop', 29), ('we', 28), ('years', 28), ('sql', 28), ('services', 27), ('solutions', 27), ('support', 26), ('my', 26), ('related', 26), ('computer', 25), ('big', 24), ('may', 24), ('careers', 24), ('degree', 24), ('systems', 23), ('advanced', 23), ('search', 23), ('including', 23), ('our', 22), ('design', 22), ('process', 22), ('environment', 21), ('status', 21), ('reporting', 21), ('provide', 20), ('technology', 20), ('projects', 20), ('multiple', 19), ('industry', 19), ('using', 19)]","[(('computer', 'science'), 17), (('big', 'data'), 17), (('data', 'analytics'), 15), (('ability', 'work'), 15), (('machine', 'learning'), 13), (('data', 'analysis'), 10), (('data', 'science'), 10), (('data', 'scientist'), 10), (('experience', 'working'), 10), (('business', 'intelligence'), 10), (('at', 't'), 10), (('communication', 'skills'), 9), (('years', 'experience'), 9), (('data', 'quality'), 9), (('a', 'must'), 9), (('2', 'years'), 8), (('related', 'field'), 8), (('analysis', 'data'), 8), (('may', 'required'), 8), (('data', 'analyst'), 7), (('problem', 'solving'), 7), (('national', 'origin'), 7), (('the', 'data'), 7), (('data', 'sets'), 7), (('data', 'management'), 7), (('information', 'technology'), 7), (('essential', 'functions'), 7), (('skills', 'strong'), 6), (('forward', 'air'), 6), (('working', 'knowledge'), 6), (('my', 'jobpage'), 6), (('my', 'submissions'), 6), (('submissions', 'my'), 6), (('my', 'cart'), 6), (('cart', 'my'), 6), (('my', 'saved'), 6), (('saved', 'searches'), 6), (('work', 'environment'), 6), (('all', 'qualified'), 6), (('large', 'scale'), 6), (('business', 'partners'), 6), (('business', 'needs'), 6), (('skills', 'ability'), 5), (('5', 'years'), 5), (('written', 'communication'), 5), (('work', 'independently'), 5), (('benefits', 'package'), 5), (('jobpage', 'basic'), 5), (('basic', 'search'), 5), (('sql', 'server'), 5)]","[(('my', 'submissions', 'my'), 6), (('submissions', 'my', 'cart'), 6), (('my', 'cart', 'my'), 6), (('cart', 'my', 'saved'), 6), (('my', 'saved', 'searches'), 6), (('2', 'years', 'experience'), 5), (('ability', 'work', 'independently'), 5), (('my', 'jobpage', 'basic'), 5), (('jobpage', 'basic', 'search'), 5), (('the', 'data', 'scientist'), 5), (('problem', 'solving', 'skills'), 4), (('all', 'qualified', 'receive'), 4), (('qualified', 'receive', 'consideration'), 4), (('receive', 'consideration', 'employment'), 4), (('consideration', 'employment', 'religion'), 4), (('data', 'identify', 'patterns'), 4), (('perform', 'essential', 'functions'), 4), (('all', 'rights', 'reserved'), 4), (('computer', 'science', 'information'), 4), (('communication', 'skills', 'ability'), 3), (('industrial', 'engineer', 'data'), 3), (('engineer', 'data', 'analyst'), 3), (('5', 'years', 'experience'), 3), (('written', 'communication', 'skills'), 3), (('written', 'verbal', 'communication'), 3), (('verbal', 'communication', 'skills'), 3), (('generate', 'test', 'working'), 3), (('test', 'working', 'hypotheses'), 3), (('prepare', 'analyze', 'historical'), 3), (('analyze', 'historical', 'data'), 3), (('historical', 'data', 'identify'), 3), (('degree', 'computer', 'science'), 3), (('big', 'data', 'analytics'), 3), (('analytical', 'mechanics', 'associates'), 3), (('mechanics', 'associates', 'inc'), 3), (('associates', 'inc', 'ama'), 3), (('accredited', 'college', 'university'), 3), (('ability', 'maintain', 'confidentiality'), 3), (('verbal', 'written', 'communication'), 3), (('science', 'computer', 'science'), 3), (('provide', 'thought', 'leadership'), 3), (('search', 'my', 'submissions'), 3), (('world', 'safer', 'place'), 3), (('product', 'data', 'insight'), 3), (('data', 'insight', 'analyst'), 3), (('ø', 'ù', 'ø'), 3), (('professional', 'experience', 'working'), 3), (('r', 'd', 'team'), 2), (('experience', 'machine', 'learning'), 2), (('exploratory', 'data', 'analysis'), 2)]"
HOU,"[('data', 144), ('business', 105), ('experience', 80), ('skills', 64), ('uthealth', 60), ('work', 56), ('methodist', 54), ('services', 53), ('school', 52), ('support', 50), ('rn', 50), ('science', 49), ('analysis', 49), ('development', 47), ('information', 46), ('benefits', 45), ('the', 43), ('research', 43), ('management', 43), ('team', 41), ('requirements', 38), ('required', 38), ('technical', 37), ('application', 36), ('design', 36), ('hospital', 35), ('applications', 34), ('analytics', 33), ('health', 33), ('project', 32), ('md', 32), ('we', 31), ('knowledge', 31), ('ability', 30), ('search', 30), ('texas', 30), ('related', 29), ('my', 29), ('medical', 29), ('systems', 28), ('years', 28), ('university', 27), ('solutions', 26), ('home', 26), ('care', 26), ('opportunities', 26), ('tools', 25), ('processes', 25), ('strong', 24), ('status', 24)]","[(('hospital', 'methodist'), 30), (('business', 'intelligence'), 22), (('data', 'science'), 16), (('talent', 'community'), 15), (('mcgovern', 'medical'), 15), (('medical', 'school'), 15), (('computer', 'science'), 14), (('applicable', 'law'), 14), (('supply', 'chain'), 13), (('years', 'experience'), 12), (('national', 'origin'), 12), (('school', 'biomedical'), 12), (('accordance', 'applicable'), 12), (('the', 'university'), 12), (('communication', 'skills'), 11), (('individuals', 'disabilities'), 11), (('design', 'development'), 10), (('religion', 'national'), 10), (('big', 'data'), 9), (('machine', 'learning'), 9), (('bachelor', 'degree'), 9), (('5', 'years'), 9), (('emergency', 'care'), 9), (('care', 'center'), 9), (('united', 'states'), 9), (('hyperion', 'planning'), 9), (('school', 'uthealth'), 9), (('data', 'scientist'), 8), (('data', 'driven'), 8), (('methodist', 'st'), 8), (('information', 'technology'), 8), (('planning', 'applications'), 8), (('we', 'noticed'), 8), (('enter', 'password'), 8), (('school', 'public'), 8), (('public', 'health'), 8), (('related', 'field'), 7), (('best', 'practices'), 7), (('research', 'institute'), 7), (('benefits', 'package'), 7), (('this', 'position'), 7), (('team', 'members'), 7), (('essential', 'functions'), 7), (('health', 'science'), 7), (('science', 'center'), 7), (('school', 'dentistry'), 7), (('benefits', 'programs'), 7), (('committed', 'providing'), 7), (('origin', 'age'), 7), (('genetic', 'information'), 7)]","[(('mcgovern', 'medical', 'school'), 15), (('accordance', 'applicable', 'law'), 12), (('religion', 'national', 'origin'), 10), (('medical', 'school', 'uthealth'), 9), (('emergency', 'care', 'center'), 8), (('school', 'public', 'health'), 8), (('health', 'science', 'center'), 7), (('national', 'origin', 'age'), 7), (('hospital', 'methodist', 'st'), 6), (('specialty', 'physician', 'group'), 6), (('my', 'jobpage', 'basic'), 6), (('jobpage', 'basic', 'search'), 6), (('my', 'submissions', 'my'), 6), (('my', 'saved', 'searches'), 6), (('join', 'talent', 'community'), 6), (('settings', 'explore', 'uthealth'), 6), (('explore', 'uthealth', 'graduate'), 6), (('uthealth', 'graduate', 'school'), 6), (('graduate', 'school', 'biomedical'), 6), (('school', 'biomedical', 'sciences'), 6), (('biomedical', 'sciences', 'mcgovern'), 6), (('sciences', 'mcgovern', 'medical'), 6), (('medical', 'school', 'school'), 6), (('school', 'school', 'biomedical'), 6), (('school', 'biomedical', 'informatics'), 6), (('biomedical', 'informatics', 'school'), 6), (('informatics', 'school', 'dentistry'), 6), (('school', 'dentistry', 'school'), 6), (('dentistry', 'school', 'nursing'), 6), (('school', 'nursing', 'school'), 6), (('nursing', 'school', 'public'), 6), (('uthealth', 'offers', 'comprehensive'), 6), (('offers', 'comprehensive', 'competitive'), 6), (('comprehensive', 'competitive', 'benefits'), 6), (('competitive', 'benefits', 'package'), 6), (('benefits', 'package', 'for'), 6), (('package', 'for', 'information'), 6), (('for', 'information', 'benefits'), 6), (('information', 'benefits', 'programs'), 6), (('benefits', 'programs', 'please'), 6), (('programs', 'please', 'refer'), 6), (('please', 'refer', 'uthealth'), 6), (('refer', 'uthealth', 'office'), 6), (('uthealth', 'office', 'benefits'), 6), (('office', 'benefits', 'website'), 6), (('benefits', 'website', 'https'), 6), (('website', 'https', 'www'), 6), (('https', 'www', 'uth'), 6), (('www', 'uth', 'edu'), 6), (('uth', 'edu', 'benefits'), 6)]"
LAN,"[('data', 264), ('experience', 141), ('engineering', 98), ('you', 82), ('business', 70), ('analysis', 68), ('work', 64), ('skills', 59), ('product', 55), ('we', 55), ('team', 54), ('science', 54), ('learning', 48), ('analytics', 48), ('using', 45), ('information', 41), ('development', 40), ('systems', 40), ('machine', 39), ('tools', 36), ('technology', 35), ('knowledge', 35), ('management', 35), ('reporting', 35), ('working', 35), ('software', 34), ('the', 31), ('degree', 31), ('service', 31), ('insights', 30), ('space', 30), ('requirements', 29), ('years', 29), ('teams', 29), ('marketing', 29), ('support', 28), ('ability', 27), ('r', 27), ('services', 27), ('company', 26), ('a', 26), ('statistical', 26), ('computer', 26), ('boeing', 26), ('world', 25), ('related', 25), ('responsibilities', 25), ('sql', 25), ('research', 25), ('statistics', 25)]","[(('machine', 'learning'), 39), (('computer', 'science'), 25), (('defense', 'space'), 22), (('space', 'security'), 21), (('data', 'science'), 20), (('boeing', 'defense'), 18), (('data', 'scientist'), 15), (('data', 'sets'), 15), (('u', 's'), 15), (('communication', 'skills'), 15), (('active', 'duty'), 15), (('data', 'analysis'), 14), (('s', 'military'), 13), (('years', 'experience'), 12), (('military', 'ground'), 12), (('ground', 'naval'), 12), (('naval', 'air'), 12), (('air', 'service'), 12), (('data', 'mining'), 11), (('related', 'field'), 11), (('bachelor', 'degree'), 11), (('include', 'limited'), 11), (('national', 'origin'), 10), (('commercial', 'airplanes'), 10), (('problem', 'solving'), 9), (('large', 'data'), 9), (('duty', 'u'), 9), (('reasonable', 'accommodation'), 9), (('software', 'engineering'), 9), (('3', 'years'), 9), (('systems', 'engineering'), 9), (('air', 'force'), 9), (('force', 'base'), 9), (('st', 'louis'), 9), (('complex', 'data'), 8), (('data', 'driven'), 8), (('this', 'position'), 8), (('5', 'years'), 8), (('religion', 'national'), 8), (('big', 'data'), 8), (('experience', 'building'), 8), (('physical', 'mental'), 8), (('software', 'development'), 8), (('responsibilities', 'include'), 8), (('product', 'development'), 7), (('data', 'sources'), 7), (('team', 'members'), 7), (('data', 'analyst'), 7), (('business', 'intelligence'), 7), (('best', 'deal'), 7)]","[(('defense', 'space', 'security'), 21), (('boeing', 'defense', 'space'), 18), (('u', 's', 'military'), 13), (('s', 'military', 'ground'), 12), (('military', 'ground', 'naval'), 12), (('ground', 'naval', 'air'), 12), (('naval', 'air', 'service'), 12), (('active', 'duty', 'u'), 9), (('duty', 'u', 's'), 9), (('air', 'force', 'base'), 9), (('religion', 'national', 'origin'), 8), (('large', 'data', 'sets'), 8), (('3', 'years', 'experience'), 7), (('national', 'origin', 'age'), 6), (('statistics', 'computer', 'science'), 6), (('armed', 'forces', 'service'), 6), (('forces', 'service', 'medal'), 6), (('omb', 'control', 'number'), 6), (('impairment', 'medical', 'condition'), 6), (('responsibilities', 'include', 'limited'), 6), (('machine', 'learning', 'algorithms'), 5), (('mathematics', 'computer', 'science'), 5), (('excellent', 'communication', 'skills'), 5), (('complex', 'data', 'sets'), 4), (('1', '5', 'years'), 4), (('frank', 'n', 'magid'), 4), (('n', 'magid', 'associates'), 4), (('magid', 'associates', 'inc'), 4), (('2', 'years', 'experience'), 4), (('computer', 'science', 'mathematics'), 4), (('fast', 'paced', 'environment'), 4), (('natural', 'language', 'processing'), 4), (('engineering', 'related', 'field'), 4), (('machine', 'learning', 'models'), 4), (('machine', 'learning', 'techniques'), 4), (('sony', 'interactive', 'entertainment'), 4), (('using', 'machine', 'learning'), 4), (('bachelor', 'degree', 'computer'), 4), (('degree', 'computer', 'science'), 4), (('global', 'company', 'clients'), 4), (('company', 'clients', 'employees'), 4), (('clients', 'employees', 'around'), 4), (('business', 'support', 'services'), 4), (('identify', 'business', 'opportunities'), 3), (('applied', 'quantitative', 'reporting'), 3), (('quantitative', 'reporting', 'analysis'), 3), (('basic', 'database', 'query'), 3), (('database', 'query', 'syntax'), 3), (('long', 'short', 'term'), 3), (('employment', 'religion', 'national'), 3)]"
NYC,"[('data', 213), ('experience', 89), ('work', 59), ('learning', 53), ('we', 53), ('team', 52), ('business', 48), ('science', 45), ('machine', 41), ('you', 40), ('skills', 40), ('ability', 40), ('analytics', 36), ('analysis', 34), ('products', 34), ('research', 34), ('using', 31), ('solutions', 29), ('statistical', 29), ('company', 28), ('information', 27), ('retail', 27), ('years', 25), ('large', 25), ('development', 24), ('develop', 24), ('engineering', 24), ('our', 24), ('python', 23), ('modeling', 23), ('the', 23), ('technology', 23), ('statistics', 22), ('techniques', 22), ('models', 22), ('status', 22), ('scale', 22), ('product', 22), ('services', 21), ('help', 21), ('including', 21), ('a', 21), ('technical', 20), ('programming', 20), ('world', 20), ('strong', 20), ('quality', 20), ('environment', 20), ('management', 20), ('scientist', 19)]","[(('machine', 'learning'), 40), (('data', 'science'), 30), (('data', 'scientist'), 19), (('retail', 'retail'), 14), (('computer', 'science'), 13), (('data', 'analysis'), 10), (('data', 'mining'), 10), (('data', 'sets'), 10), (('active', 'duty'), 10), (('predictive', 'modeling'), 9), (('data', 'scientists'), 9), (('national', 'origin'), 9), (('u', 's'), 9), (('work', 'experience'), 8), (('experience', 'data'), 8), (('communication', 'skills'), 8), (('data', 'analytics'), 8), (('large', 'scale'), 8), (('big', 'data'), 8), (('s', 'military'), 8), (('military', 'ground'), 8), (('ground', 'naval'), 8), (('naval', 'air'), 8), (('air', 'service'), 8), (('retail', 'corporate'), 8), (('statistical', 'analysis'), 7), (('deep', 'learning'), 7), (('skills', 'experience'), 6), (('5', 'years'), 6), (('team', 'members'), 6), (('data', 'products'), 6), (('data', 'driven'), 6), (('experience', 'working'), 6), (('2', 'years'), 6), (('duty', 'u'), 6), (('reasonable', 'accommodation'), 6), (('analytics', 'team'), 6), (('large', 'datasets'), 6), (('corporate', 'retail'), 6), (('learning', 'techniques'), 5), (('operations', 'research'), 5), (('religion', 'national'), 5), (('natural', 'language'), 5), (('real', 'world'), 5), (('r', 'sas'), 5), (('related', 'field'), 5), (('marital', 'status'), 5), (('physical', 'mental'), 5), (('digital', 'media'), 5), (('python', 'r'), 5)]","[(('u', 's', 'military'), 8), (('s', 'military', 'ground'), 8), (('military', 'ground', 'naval'), 8), (('ground', 'naval', 'air'), 8), (('naval', 'air', 'service'), 8), (('retail', 'retail', 'retail'), 8), (('active', 'duty', 'u'), 6), (('duty', 'u', 's'), 6), (('retail', 'retail', 'corporate'), 6), (('religion', 'national', 'origin'), 5), (('statistics', 'machine', 'learning'), 5), (('retail', 'corporate', 'retail'), 5), (('data', 'analytics', 'team'), 5), (('machine', 'learning', 'techniques'), 4), (('data', 'science', 'team'), 4), (('machine', 'learning', 'natural'), 4), (('learning', 'natural', 'language'), 4), (('medical', 'dental', 'vision'), 4), (('experience', 'machine', 'learning'), 4), (('natural', 'language', 'processing'), 4), (('armed', 'forces', 'service'), 4), (('forces', 'service', 'medal'), 4), (('omb', 'control', 'number'), 4), (('impairment', 'medical', 'condition'), 4), (('machine', 'learning', 'data'), 4), (('crisis', 'text', 'line'), 4), (('corporate', 'retail', 'retail'), 4), (('qualified', 'receive', 'consideration'), 3), (('receive', 'consideration', 'employment'), 3), (('consideration', 'employment', 'religion'), 3), (('solutions', 'large', 'scale'), 3), (('problem', 'solving', 'skills'), 3), (('modeling', 'machine', 'learning'), 3), (('3', '5', 'years'), 3), (('scale', 'data', 'sets'), 3), (('statistical', 'machine', 'learning'), 3), (('years', 'work', 'experience'), 3), (('individuals', 'seeking', 'employment'), 3), (('national', 'origin', 'age'), 3), (('statistics', 'data', 'science'), 3), (('traded', 'products', 'market'), 3), (('products', 'market', 'risk'), 3), (('retail', 'corporate', 'distribution'), 3), (('corporate', 'distribution', 'retail'), 3), (('medical', 'image', 'datasets'), 3), (('machine', 'learning', 'algorithms'), 3), (('computer', 'science', 'mathematics'), 3), (('data', 'science', 'related'), 3), (('science', 'related', 'field'), 3), (('predictive', 'modeling', 'techniques'), 2)]"
PHI,"[('view', 179), ('learn', 167), ('more', 164), ('data', 138), ('business', 52), ('experience', 43), ('the', 37), ('years', 33), ('skills', 30), ('strong', 30), ('analysis', 30), ('work', 29), ('research', 26), ('analytics', 26), ('support', 25), ('we', 25), ('knowledge', 24), ('team', 23), ('services', 22), ('solutions', 22), ('development', 22), ('sonepar', 22), ('required', 21), ('university', 20), ('information', 20), ('degree', 20), ('systems', 20), ('johnson', 20), ('our', 19), ('ability', 19), ('usa', 19), ('including', 19), ('analytical', 18), ('please', 17), ('password', 17), ('health', 16), ('mining', 16), ('talent', 15), ('world', 15), ('communication', 15), ('develop', 14), ('management', 14), ('science', 14), ('employees', 14), ('technical', 14), ('one', 14), ('products', 14), ('penn', 14), ('status', 14), ('global', 13)]","[(('learn', 'more'), 164), (('more', 'view'), 164), (('view', 'learn'), 162), (('sonepar', 'usa'), 16), (('data', 'mining'), 15), (('view', 'view'), 12), (('data', 'analysis'), 11), (('business', 'units'), 11), (('johnson', 'johnson'), 10), (('talent', 'community'), 10), (('data', 'analytics'), 9), (('yes', 'no'), 9), (('computer', 'science'), 8), (('problem', 'solving'), 8), (('data', 'migration'), 8), (('we', 'noticed'), 8), (('enter', 'password'), 8), (('machine', 'learning'), 8), (('bachelor', 'degree'), 7), (('cover', 'letter'), 7), (('privacy', 'policy'), 7), (('communication', 'skills'), 7), (('data', 'analyst'), 7), (('4', 'years'), 6), (('years', 'experience'), 6), (('information', 'systems'), 6), (('the', 'university'), 6), (('no', 'yes'), 6), (('j', 'j'), 6), (('please', 'enter'), 6), (('predictive', 'analytics'), 6), (('high', 'school'), 5), (('create', 'account'), 5), (('master', 'degree'), 5), (('10', 'years'), 5), (('this', 'position'), 4), (('business', 'intelligence'), 4), (('degree', 'computer'), 4), (('working', 'knowledge'), 4), (('every', 'day'), 4), (('world', 'leader'), 4), (('laboratory', 'services'), 4), (('written', 'communication'), 4), (('programming', 'languages'), 4), (('least', 'one'), 4), (('continuing', 'education'), 4), (('wide', 'variety'), 4), (('health', 'wellness'), 4), (('social', 'media'), 4), (('corporate', 'governance'), 4)]","[(('learn', 'more', 'view'), 164), (('view', 'learn', 'more'), 162), (('more', 'view', 'learn'), 150), (('more', 'view', 'view'), 12), (('view', 'view', 'learn'), 12), (('yes', 'no', 'yes'), 6), (('no', 'yes', 'no'), 6), (('4', 'years', 'experience'), 4), (('written', 'communication', 'skills'), 4), (('we', 'noticed', 'already'), 4), (('noticed', 'already', 'member'), 4), (('already', 'member', 'talent'), 4), (('member', 'talent', 'community'), 4), (('talent', 'community', 'please'), 4), (('community', 'please', 'enter'), 4), (('please', 'enter', 'password'), 4), (('enter', 'password', 'continue'), 4), (('password', 'continue', 'we'), 4), (('continue', 'we', 'noticed'), 4), (('we', 'noticed', 'accounts'), 4), (('noticed', 'accounts', 'talent'), 4), (('accounts', 'talent', 'community'), 4), (('talent', 'community', 'application'), 4), (('community', 'application', 'systems'), 4), (('application', 'systems', 'we'), 4), (('systems', 'we', 'take'), 4), (('we', 'take', 'security'), 4), (('take', 'security', 'seriously'), 4), (('security', 'seriously', 'need'), 4), (('seriously', 'need', 'verify'), 4), (('need', 'verify', 'synchronize'), 4), (('verify', 'synchronize', 'accounts'), 4), (('synchronize', 'accounts', 'the'), 4), (('accounts', 'the', 'reset'), 4), (('the', 'reset', 'password'), 4), (('reset', 'password', 'link'), 4), (('password', 'link', 'open'), 4), (('link', 'open', 'browser'), 4), (('open', 'browser', 'window'), 4), (('browser', 'window', 'return'), 4), (('window', 'return', 'page'), 4), (('return', 'page', 'enter'), 4), (('page', 'enter', 'password'), 4), (('accounts', 'successfully', 'synchronized'), 4), (('successfully', 'synchronized', 'use'), 4), (('synchronized', 'use', 'password'), 4), (('use', 'password', 'accessing'), 4), (('password', 'accessing', 'systems'), 4), (('you', 'already', 'user'), 4), (('already', 'user', 'site'), 4)]"
PHO,"[('data', 218), ('experience', 114), ('work', 74), ('business', 59), ('ability', 50), ('management', 43), ('skills', 42), ('the', 40), ('team', 37), ('information', 36), ('company', 36), ('science', 34), ('analysis', 34), ('development', 34), ('support', 32), ('services', 31), ('degree', 30), ('sql', 30), ('you', 29), ('computer', 28), ('customer', 28), ('godaddy', 28), ('systems', 27), ('design', 27), ('related', 26), ('years', 26), ('using', 26), ('my', 26), ('engineering', 25), ('requirements', 25), ('status', 25), ('knowledge', 25), ('analytics', 25), ('we', 24), ('solutions', 24), ('quality', 24), ('use', 24), ('teams', 24), ('position', 24), ('medical', 23), ('strong', 23), ('including', 23), ('our', 22), ('global', 22), ('statistical', 22), ('working', 22), ('this', 22), ('internal', 22), ('performance', 21), ('process', 21)]","[(('years', 'experience'), 19), (('computer', 'science'), 17), (('data', 'science'), 13), (('essential', 'functions'), 12), (('national', 'origin'), 12), (('communication', 'skills'), 11), (('machine', 'learning'), 10), (('master', 'degree'), 10), (('2', 'years'), 10), (('internal', 'external'), 10), (('r', 'python'), 9), (('experience', 'working'), 9), (('marital', 'status'), 9), (('3', 'years'), 9), (('experience', 'data'), 9), (('data', 'management'), 9), (('sql', 'server'), 9), (('science', 'related'), 8), (('u', 's'), 8), (('data', 'analyst'), 8), (('bachelor', 'degree'), 8), (('skills', 'ability'), 8), (('data', 'mining'), 7), (('engineering', 'computer'), 7), (('perform', 'essential'), 7), (('data', 'collection'), 7), (('privacy', 'policy'), 7), (('microsoft', 'sql'), 7), (('early', 'warning'), 7), (('passenger', 'experience'), 6), (('the', 'data'), 6), (('ability', 'communicate'), 6), (('large', 'scale'), 6), (('supply', 'chain'), 6), (('honeywell', 'qualified'), 6), (('qualified', 'considered'), 6), (('considered', 'age'), 6), (('age', 'creed'), 6), (('creed', 'national'), 6), (('origin', 'ancestry'), 6), (('ancestry', 'marital'), 6), (('status', 'affectional'), 6), (('affectional', 'expression'), 6), (('expression', 'nationality'), 6), (('percent', 'nation'), 6), (('my', 'jobpage'), 6), (('jobpage', 'basic'), 6), (('basic', 'search'), 6), (('my', 'submissions'), 6), (('submissions', 'my'), 6)]","[(('2', 'years', 'experience'), 8), (('engineering', 'computer', 'science'), 7), (('computer', 'science', 'related'), 7), (('perform', 'essential', 'functions'), 7), (('honeywell', 'qualified', 'considered'), 6), (('qualified', 'considered', 'age'), 6), (('considered', 'age', 'creed'), 6), (('age', 'creed', 'national'), 6), (('creed', 'national', 'origin'), 6), (('national', 'origin', 'ancestry'), 6), (('origin', 'ancestry', 'marital'), 6), (('ancestry', 'marital', 'status'), 6), (('marital', 'status', 'affectional'), 6), (('status', 'affectional', 'expression'), 6), (('affectional', 'expression', 'nationality'), 6), (('my', 'jobpage', 'basic'), 6), (('jobpage', 'basic', 'search'), 6), (('my', 'submissions', 'my'), 6), (('submissions', 'my', 'cart'), 6), (('my', 'cart', 'my'), 6), (('cart', 'my', 'saved'), 6), (('my', 'saved', 'searches'), 6), (('3', 'years', 'experience'), 6), (('microsoft', 'sql', 'server'), 6), (('4', 'years', 'experience'), 5), (('our', 'promises', 'vision'), 4), (('promises', 'vision', 'cities'), 4), (('vision', 'cities', 'passenger'), 4), (('cities', 'passenger', 'experience'), 4), (('passenger', 'experience', 'uncompromising'), 4), (('experience', 'uncompromising', 'safety'), 4), (('uncompromising', 'safety', 'innovative'), 4), (('safety', 'innovative', 'mobility'), 4), (('proven', 'performance', 'fleet'), 4), (('performance', 'fleet', 'maintenance'), 4), (('bus', 'brt', 'paratransit'), 4), (('brt', 'paratransit', 'medical'), 4), (('paratransit', 'medical', 'rail'), 4), (('medical', 'rail', 'streetcar'), 4), (('rail', 'streetcar', 'autonomous'), 4), (('streetcar', 'autonomous', 'mobility'), 4), (('autonomous', 'mobility', 'first'), 4), (('mobility', 'first', 'last'), 4), (('first', 'last', 'mile'), 4), (('last', 'mile', 'shuttle'), 4), (('mile', 'shuttle', 'black'), 4), (('shuttle', 'black', 'car'), 4), (('black', 'car', 'taxi'), 4), (('key', 'facts', 'news'), 4), (('facts', 'news', 'executive'), 4)]"
SAD,"[('data', 197), ('experience', 106), ('learning', 53), ('work', 53), ('skills', 41), ('machine', 39), ('business', 35), ('team', 35), ('science', 34), ('we', 34), ('you', 33), ('statistical', 32), ('analysis', 30), ('quality', 30), ('algorithms', 28), ('development', 27), ('information', 27), ('software', 26), ('using', 26), ('solutions', 24), ('customers', 24), ('a', 23), ('engineering', 23), ('related', 23), ('ability', 22), ('position', 21), ('health', 21), ('years', 21), ('techniques', 20), ('knowledge', 20), ('tools', 20), ('support', 20), ('process', 20), ('complex', 19), ('problems', 19), ('systems', 19), ('management', 19), ('the', 19), ('requirements', 19), ('r', 19), ('build', 18), ('degree', 18), ('strong', 18), ('high', 18), ('statistics', 18), ('one', 18), ('programming', 17), ('environment', 17), ('world', 17), ('technology', 17)]","[(('machine', 'learning'), 39), (('data', 'quality'), 17), (('data', 'science'), 15), (('communication', 'skills'), 13), (('data', 'mining'), 13), (('computer', 'science'), 12), (('data', 'analysis'), 11), (('learning', 'algorithms'), 9), (('learning', 'techniques'), 9), (('years', 'experience'), 9), (('demonstrated', 'experience'), 8), (('vast', 'amounts'), 8), (('related', 'field'), 7), (('best', 'practices'), 7), (('bachelor', 'degree'), 7), (('experience', 'data'), 7), (('data', 'analyst'), 7), (('product', 'development'), 7), (('talent', 'community'), 7), (('we', 'looking'), 6), (('data', 'management'), 6), (('information', 'technology'), 6), (('deep', 'learning'), 6), (('data', 'scientist'), 6), (('large', 'scale'), 6), (('work', 'experience'), 6), (('terms', 'conditions'), 6), (('complex', 'data'), 5), (('next', 'generation'), 5), (('degree', 'computer'), 5), (('skills', 'experience'), 5), (('amounts', 'data'), 5), (('software', 'development'), 5), (('computer', 'vision'), 5), (('personal', 'data'), 5), (('linkedin', 'twitter'), 5), (('supply', 'chain'), 5), (('artificial', 'intelligence'), 5), (('privacy', 'policy'), 5), (('u', 's'), 5), (('active', 'duty'), 5), (('cutting', 'edge'), 4), (('software', 'engineering'), 4), (('data', 'governance'), 4), (('quality', 'control'), 4), (('business', 'requirements'), 4), (('5', 'years'), 4), (('business', 'intelligence'), 4), (('related', 'discipline'), 4), (('sales', 'marketing'), 4)]","[(('machine', 'learning', 'techniques'), 9), (('machine', 'learning', 'algorithms'), 8), (('degree', 'computer', 'science'), 5), (('vast', 'amounts', 'data'), 5), (('understanding', 'machine', 'learning'), 4), (('k', 'nn', 'naive'), 4), (('nn', 'naive', 'bayes'), 4), (('naive', 'bayes', 'svm'), 4), (('the', 'data', 'analyst'), 4), (('the', 'contractor', 'shall'), 4), (('machine', 'learning', 'data'), 4), (('u', 's', 'military'), 4), (('s', 'military', 'ground'), 4), (('military', 'ground', 'naval'), 4), (('ground', 'naval', 'air'), 4), (('naval', 'air', 'service'), 4), (('engineering', 'related', 'field'), 3), (('data', 'quality', 'issues'), 3), (('written', 'oral', 'communication'), 3), (('oral', 'communication', 'skills'), 3), (('good', 'applied', 'statistics'), 3), (('applied', 'statistics', 'skills'), 3), (('statistics', 'skills', 'distributions'), 3), (('skills', 'distributions', 'statistical'), 3), (('excellent', 'understanding', 'machine'), 3), (('learning', 'techniques', 'algorithms'), 3), (('techniques', 'algorithms', 'k'), 3), (('algorithms', 'k', 'nn'), 3), (('bayes', 'svm', 'decision'), 3), (('svm', 'decision', 'forests'), 3), (('experience', 'common', 'data'), 3), (('common', 'data', 'science'), 3), (('data', 'science', 'toolkits'), 3), (('proficiency', 'using', 'query'), 3), (('using', 'query', 'languages'), 3), (('experience', 'data', 'visualization'), 3), (('data', 'visualization', 'tools'), 3), (('my', 'jobpage', 'basic'), 3), (('jobpage', 'basic', 'search'), 3), (('my', 'submissions', 'my'), 3), (('submissions', 'my', 'cart'), 3), (('my', 'cart', 'my'), 3), (('cart', 'my', 'saved'), 3), (('my', 'saved', 'searches'), 3), (('general', 'dynamics', 'health'), 3), (('health', 'solutions', 'arma'), 3), (('methods', 'machine', 'learning'), 3), (('3', 'years', 'experience'), 3), (('computer', 'science', 'data'), 3), (('science', 'data', 'science'), 3)]"
SAJ,"[('data', 359), ('experience', 247), ('work', 122), ('team', 112), ('business', 109), ('skills', 108), ('product', 107), ('development', 88), ('customer', 83), ('ability', 81), ('working', 77), ('sales', 76), ('solutions', 73), ('we', 71), ('learning', 69), ('technical', 66), ('design', 66), ('management', 63), ('knowledge', 62), ('science', 62), ('teams', 61), ('software', 61), ('marketing', 57), ('you', 57), ('systems', 56), ('customers', 56), ('machine', 55), ('strong', 54), ('engineering', 53), ('including', 50), ('analysis', 48), ('success', 48), ('excellent', 46), ('environment', 44), ('egnyte', 44), ('support', 43), ('the', 43), ('using', 42), ('law', 42), ('develop', 42), ('plus', 41), ('looking', 41), ('degree', 40), ('large', 40), ('needs', 40), ('performance', 40), ('related', 39), ('role', 39), ('python', 39), ('application', 39)]","[(('machine', 'learning'), 51), (('data', 'science'), 30), (('personal', 'data'), 30), (('computer', 'science'), 29), (('communication', 'skills'), 23), (('work', 'closely'), 23), (('we', 'looking'), 23), (('years', 'experience'), 21), (('big', 'data'), 20), (('data', 'governance'), 20), (('demonstrated', 'success'), 20), (('data', 'scientist'), 17), (('ability', 'work'), 17), (('experience', 'working'), 17), (('customer', 'success'), 17), (('data', 'analysis'), 16), (('stock', 'options'), 15), (('active', 'duty'), 15), (('health', 'care'), 15), (('i', 'hereby'), 15), (('hereby', 'agree'), 15), (('agree', 'personal'), 15), (('data', 'included'), 15), (('included', 'application'), 15), (('application', 'processed'), 15), (('processed', 'line'), 15), (('line', 'needs'), 15), (('needs', 'recruitment'), 15), (('recruitment', 'accordance'), 15), (('accordance', 'law'), 15), (('law', 'personal'), 15), (('data', 'protection'), 15), (('protection', '29'), 15), (('29', 'august'), 15), (('august', '1997'), 15), (('1997', 'law'), 15), (('law', 'gazette'), 15), (('gazette', '2002'), 15), (('2002', 'no'), 15), (('no', '101'), 15), (('101', 'heading'), 15), (('heading', '926'), 15), (('926', 'amended'), 15), (('top', 'notch'), 15), (('working', 'hours'), 14), (('000', 'pln'), 14), (('pln', 'gross'), 14), (('gross', 'depending'), 14), (('depending', 'skills'), 14), (('geek', 'friendly'), 14)]","[(('i', 'hereby', 'agree'), 15), (('hereby', 'agree', 'personal'), 15), (('agree', 'personal', 'data'), 15), (('personal', 'data', 'included'), 15), (('data', 'included', 'application'), 15), (('included', 'application', 'processed'), 15), (('application', 'processed', 'line'), 15), (('processed', 'line', 'needs'), 15), (('line', 'needs', 'recruitment'), 15), (('needs', 'recruitment', 'accordance'), 15), (('recruitment', 'accordance', 'law'), 15), (('accordance', 'law', 'personal'), 15), (('law', 'personal', 'data'), 15), (('personal', 'data', 'protection'), 15), (('data', 'protection', '29'), 15), (('protection', '29', 'august'), 15), (('29', 'august', '1997'), 15), (('august', '1997', 'law'), 15), (('1997', 'law', 'gazette'), 15), (('law', 'gazette', '2002'), 15), (('gazette', '2002', 'no'), 15), (('2002', 'no', '101'), 15), (('no', '101', 'heading'), 15), (('101', 'heading', '926'), 15), (('heading', '926', 'amended'), 15), (('000', 'pln', 'gross'), 14), (('pln', 'gross', 'depending'), 14), (('gross', 'depending', 'skills'), 14), (('geek', 'friendly', 'energetic'), 14), (('friendly', 'energetic', 'environment'), 14), (('multisport', 'private', 'medical'), 14), (('private', 'medical', 'health'), 14), (('medical', 'health', 'care'), 14), (('health', 'care', 'in'), 14), (('care', 'in', 'house'), 14), (('in', 'house', 'english'), 14), (('house', 'english', 'classes'), 14), (('budget', 'team', 'lunches'), 14), (('team', 'lunches', 'events'), 14), (('lunches', 'events', 'egnyte'), 14), (('events', 'egnyte', 'privately'), 14), (('egnyte', 'privately', 'held'), 14), (('privately', 'held', 'funded'), 14), (('held', 'funded', 'top'), 14), (('funded', 'top', 'notch'), 14), (('top', 'notch', 'investors'), 14), (('notch', 'investors', 'google'), 14), (('investors', 'google', 'ventures'), 14), (('google', 'ventures', 'kleiner'), 14), (('ventures', 'kleiner', 'perkins'), 14)]"
SAN,"[('data', 202), ('experience', 124), ('business', 118), ('usaa', 85), ('work', 76), ('years', 62), ('support', 59), ('requirements', 52), ('degree', 51), ('science', 49), ('including', 49), ('we', 48), ('development', 46), ('technical', 44), ('management', 42), ('knowledge', 42), ('analysis', 41), ('life', 40), ('application', 40), ('information', 39), ('team', 37), ('working', 37), ('systems', 36), ('quality', 35), ('software', 34), ('related', 34), ('level', 33), ('the', 33), ('may', 32), ('best', 31), ('skills', 31), ('solutions', 31), ('research', 31), ('security', 30), ('environment', 30), ('technology', 29), ('community', 29), ('career', 27), ('understanding', 27), ('2', 26), ('tools', 26), ('required', 26), ('must', 26), ('areas', 25), ('issues', 25), ('bachelor', 25), ('employees', 25), ('position', 25), ('minimum', 24), ('able', 24)]","[(('data', 'quality'), 29), (('years', 'experience'), 26), (('bachelor', 'degree'), 25), (('about', 'usaa'), 20), (('talent', 'community'), 20), (('computer', 'science'), 17), (('data', 'management'), 17), (('2', 'years'), 16), (('working', 'knowledge'), 15), (('data', 'governance'), 15), (('machine', 'learning'), 14), (('wellness', 'wealth'), 14), (('wealth', 'building'), 14), (('building', 'programs'), 14), (('planning', 'continuing'), 14), (('continuing', 'education'), 14), (('variety', 'site'), 14), (('site', 'services'), 14), (('services', 'conveniences'), 14), (('company', 'stores'), 14), (('fitness', 'centers'), 14), (('casual', 'dress'), 14), (('dress', 'environment'), 14), (('copyright', '2017'), 14), (('information', 'technology'), 14), (('experience', 'data'), 13), (('usaa', 'career'), 12), (('career', 'areas'), 12), (('areas', 'locations'), 12), (('locations', 'military'), 12), (('military', 'university'), 12), (('university', 'life'), 12), (('life', 'usaa'), 12), (('usaa', 'returning'), 12), (('returning', 'careers'), 12), (('team', 'members'), 12), (('2017', 'usaa'), 12), (('usaa', 'did'), 12), (('did', '205814'), 12), (('205814', '0514'), 12), (('we', 'noticed'), 12), (('work', 'experience'), 11), (('software', 'development'), 11), (('requirements', 'may'), 11), (('best', 'practices'), 11), (('view', 'all'), 11), (('minimum', 'requirements'), 10), (('degree', 'computer'), 10), (('the', 'description'), 10), (('description', 'reflects'), 10)]","[(('wellness', 'wealth', 'building'), 14), (('wealth', 'building', 'programs'), 14), (('planning', 'continuing', 'education'), 14), (('variety', 'site', 'services'), 14), (('site', 'services', 'conveniences'), 14), (('casual', 'dress', 'environment'), 14), (('about', 'usaa', 'career'), 12), (('usaa', 'career', 'areas'), 12), (('career', 'areas', 'locations'), 12), (('areas', 'locations', 'military'), 12), (('locations', 'military', 'university'), 12), (('military', 'university', 'life'), 12), (('university', 'life', 'usaa'), 12), (('life', 'usaa', 'returning'), 12), (('usaa', 'returning', 'careers'), 12), (('copyright', '2017', 'usaa'), 12), (('2017', 'usaa', 'did'), 12), (('usaa', 'did', '205814'), 12), (('did', '205814', '0514'), 12), (('2', 'years', 'experience'), 11), (('degree', 'computer', 'science'), 10), (('the', 'description', 'reflects'), 10), (('description', 'reflects', 'details'), 10), (('reflects', 'details', 'considered'), 10), (('details', 'considered', 'necessary'), 10), (('considered', 'necessary', 'describe'), 10), (('necessary', 'describe', 'principal'), 10), (('describe', 'principal', 'functions'), 10), (('principal', 'functions', 'construed'), 10), (('functions', 'construed', 'detailed'), 10), (('construed', 'detailed', 'description'), 10), (('detailed', 'description', 'work'), 10), (('description', 'work', 'requirements'), 10), (('work', 'requirements', 'may'), 10), (('requirements', 'may', 'performed'), 10), (('may', 'performed', 'at'), 10), (('performed', 'at', 'usaa'), 10), (('at', 'usaa', 'employees'), 10), (('usaa', 'employees', 'enjoy'), 10), (('employees', 'enjoy', 'one'), 10), (('enjoy', 'one', 'best'), 10), (('one', 'best', 'benefits'), 10), (('best', 'benefits', 'packages'), 10), (('benefits', 'packages', 'business'), 10), (('packages', 'business', 'including'), 10), (('dress', 'environment', 'comprehensive'), 10), (('environment', 'comprehensive', 'medical'), 10), (('comprehensive', 'medical', 'dental'), 10), (('medical', 'dental', 'vision'), 10), (('dental', 'vision', 'plans'), 10)]"
